doi,title,abstract_sha256,abstract_nchar
10.1016/j.resconrec.2016.12.012,Comparative LCA on using waste materials in the cement industry: A Hong Kong case study,e3b0c44298fc1c149afbf4c8996fb92427ae41e4649b934ca495991b7852b855,0
10.1016/j.iswcr.2015.05.002,"Conservation tillage impacts on soil, crop and the environment",24b1f85d28de1f49772b78df64f4829e287612be4b9975842071c960b0bea735,1605
10.1016/j.renene.2017.01.048,Does renewable energy concentration increase the variance/uncertainty in electricity prices in Africa?,e3b0c44298fc1c149afbf4c8996fb92427ae41e4649b934ca495991b7852b855,0
10.2495/eco110171,"An alternative tourism model for sustainable development in Los Cabos, Baja California Sur, Mexico",e85795f0a4d17861bac473c2d5bffa1ea1a58f718221463bb1c7267394e6b01d,1626
10.1093/icesjms/fsu225,Scottish science applications of Remote Electronic Monitoring,80683cfff729e11968329d7cdf9f1bb6c87fa4e55bc7ae2dbd2e16aa8f61d412,1951
10.1007/s13131-018-1192-6,Spatial pattern of macrobenthic communities along a shelf-slope-basin transect across the Bering Sea,e3b0c44298fc1c149afbf4c8996fb92427ae41e4649b934ca495991b7852b855,0
10.1007/698_2017_163,Potential Role of Intercropping in Maintaining and Facilitating Environmental Sustainability,e3b0c44298fc1c149afbf4c8996fb92427ae41e4649b934ca495991b7852b855,0
10.5593/sgem2017/54/s22.010,HOW TO IMPROVE CURRICULUM DEVELOPMENT THROUGH PROCESSES MODELING TECHNIQUE,e3b0c44298fc1c149afbf4c8996fb92427ae41e4649b934ca495991b7852b855,0
10.1016/j.jenvman.2018.08.075,Plant growth-promoting rhizobacteria as an alternative to mineral fertilizers in assisted bioremediation - Sustainable land and waste management,e3b0c44298fc1c149afbf4c8996fb92427ae41e4649b934ca495991b7852b855,0
10.2489/jswc.70.3.198,"Differential water and soil conservation capacity and associated processes in four forest ecosystems in Dianchi Watershed, Yunnan Province, China",6696ddf308d766a0d72c1edd3fe0ca5126574c985f208be2a53e24a56af0f4ff,2738
10.1108/caer-04-2013-0055,Steadying the ladder,420dd94a8dde923226b17ae779c612122ad2cca790de28ac0b7575fdf738ab71,1502
10.3109/09638288.2015.1056387,A grounded theory of Internet and social media use by young people who use augmentative and alternative communication (AAC),d74762550b8144b7a6a513d68210421d2fd0079b2983b6768831318f4da6f4e1,1771
10.1016/j.scitotenv.2013.05.010,Systemic solutions for multi-benefit water and environmental management,e3b0c44298fc1c149afbf4c8996fb92427ae41e4649b934ca495991b7852b855,0
10.1590/s0102-053620190301,The multifunctionality of urban horticulture and its integration with the city ecosystem: a brief review of concepts and the case of São Luís,ef220827afde5d8296910f8f799e105fd3cbc515aaa9e125b635191cd316067d,1996
10.21101/hygiena.a1470,Cleaning Low Noise Pavements and Changes in Their Noisiness in the Czech Republic Monitored by the CPX Method,93fde9621b9ae96617b7c12aa717ddefd614f1c1b49b53d31eed28d966d7a611,1211
10.18848/1832-2077/cgp/v07i04/54950,Sustainable Strategic Alliances: Leveraging Online Social Networks,bc147df204ce672d93dd279b751ea2689b2a9f06ea7993dbad56b011a54be8ca,2069
10.1007/978-981-13-2399-7_7,"Interactive Governance for Sustainable Resource Use and Environmental Management: A Case Study of Yaman ng Lawa Initiative in the Laguna Lake Watershed, Philippines",e3b0c44298fc1c149afbf4c8996fb92427ae41e4649b934ca495991b7852b855,0
10.3390/ijerph15122728,Historical Earthquakes and Their Socioeconomic Consequences in China: 1950–2017,e2c877e33759dcab374a663833a8025bc5a4f3230205a708ae20c64947d93d0e,479
10.1080/14728028.2019.1620137,Household Level Determinants of Agroforestry Practices Adoption in Rural Ethiopia,451fa2affaeb664f0a6b8fcfd8e219af8b88d05d8d5b5e6951a2136353d0af2b,1274
10.1007/s00267-011-9807-0,"Towards Sustainable Integrated Watershed Ecosystem Management: A Case Study in Dingxi on the Loess Plateau, China",e3b0c44298fc1c149afbf4c8996fb92427ae41e4649b934ca495991b7852b855,0
10.5588/ijtld.11.0316,Building leadership capacity and future leaders in operational research in low-income countries: why and how?,69e5beb55f67e5eb614dfb8b4c6a940d5d1c8efdf44cd32acff9500ad797d8f0,1367
10.1108/dpm-03-2018-0088,What is the post-2015 development agenda? A look from the underlying disaster risk drivers,be10dd74a4a2934397bbd9d59e4527d8d0dd252e8dc898dc651100baf24fb73f,1376
10.1016/j.envpol.2018.04.064,"Geochemistry and carbon isotopic ratio for assessment of PM10 composition, source and seasonal trends in urban environment",e3b0c44298fc1c149afbf4c8996fb92427ae41e4649b934ca495991b7852b855,0
10.1080/1573062x.2010.546861,Urban water management strategies based on a total urban water cycle model and energy aspects – Case study for Tel Aviv,acbdb9a494caf4090e00d92809d48cd13cdc71aba475da1f76b849f828b2a4df,982
10.1108/09654281111108535,"Smoking in Australian university students and its association with socio‐demographic factors, stress, health status, coping strategies, and attitude",84e5853ac0ba23ba87f43a7b38b22ef6bd6cde6796c9919b72761db3fe7ac926,2301
10.1007/s10113-017-1248-8,Beyond 1.5 °C: vulnerabilities and adaptation strategies for Caribbean Small Island Developing States,e3b0c44298fc1c149afbf4c8996fb92427ae41e4649b934ca495991b7852b855,0
10.1093/jiel/jgq051,Binding Tariff Preferences for Developing Countries Under Article II Gatt,8e6bd318e59b08b27b808cc3187c23a5a8f4a29c286e8420bdc66eaa3f2c57c4,1343
10.1016/j.agwat.2016.06.006,Comparison of multi-level water use efficiency between plastic film partially mulched and non-mulched croplands at eastern Loess Plateau of China,e3b0c44298fc1c149afbf4c8996fb92427ae41e4649b934ca495991b7852b855,0
10.1177/1010539512460569,Policy Approaches to Address the Social and Environmental Determinants of Health Inequity in Asia-Pacific,d189995ee573884ef7d968389dcfe0625ce39df962750f949a409cdbfc1e71cf,1459
10.1177/0739456x11413602,Looking for Home after Katrina,fdefa33c6c5dc1cf94b4c7ce3d8c313b674b0b6a38bb7cfc479c086198bef9ae,640
10.1007/s13280-018-1129-5,Social–ecological timelines to explore human adaptation to coastal change,47affba4a936e3050ea6ea4409a1d33c32f23493175b65016f85812451c01391,1600
10.15560/10.1.33,"What survived from the PLANAFLORO Project: angiosperms of Rondônia state, Brazil",7fd4d6cda2a0691402953a5328025cb3f0b042cf332a89f4ffc8f5b8fce25743,1006
10.1590/0102-311x00192113,Effect of physical intimate partner violence on body mass index in low-income adult women,78e450abe232e28983e17a7c5c5a6937a94734fab0c82da81856abc8385dd5d4,1001
10.1038/s41893-019-0409-9,Greater gains for Australia by tackling all SDGs but the last steps will be the most challenging,e3b0c44298fc1c149afbf4c8996fb92427ae41e4649b934ca495991b7852b855,0
10.4102/curationis.v33i3.4,A situational analysis of child-headed households in South Africa,3ae36088a7503db8890b82d96c013ff7f0384d5a488a2af2b770b6f2c48295ee,1936
10.1111/jcms.12094,Of Gay Rights and <scp>C</scp>hristmas Ornaments: The Political History of Sexual Orientation Non‐discrimination in the <scp>T</scp>reaty of <scp>A</scp>msterdam,9eb7b87482e78cd47f507600f614d5a5fcb484e8dee58081e6f253c572e91237,1049
10.1080/14649373.2013.769758,Sterilizing society: social order and policing sex work in Taiwan,ff16fb43bd626c3a057725342786d28996706a449411352431bf55323c959d2f,1250
10.3389/fpls.2019.00605,From Leguminosae/Gramineae Intercropping Systems to See Benefits of Intercropping on Iron Nutrition,0d08803ab91cd582cdb5bc9705bacf05a1a4919ae5cb421497da0eebf5b7b21a,816
10.1007/s40725-019-00091-6,Sustainability Impact Assessment of Forest Operations: a Review,7aeff273113102d91ea6da610471df09070508a491f259199b1b6bb8215bf599,1738
10.1016/b978-0-444-63951-6.00524-6,Leishmaniases,e3b0c44298fc1c149afbf4c8996fb92427ae41e4649b934ca495991b7852b855,0
